{"cameraMode":{"drawMode":0,"name":"Shaded","section":"Shading Mode"},"sceneLighting":false,"audioPlay":false,"sceneViewState":{"m_AlwaysRefresh":false,"showFog":true,"showSkybox":false,"showFlares":true,"showImageEffects":true,"showParticleSystems":true,"showVisualEffectGraphs":true,"m_FxEnabled":true},"in2DMode":false,"pivot":{"x":1.0969059467315674,"y":3.309999942779541,"z":9.288000106811524},"rotation":{"x":0.034155216068029407,"y":-0.9616668820381165,"z":0.14122261106967927,"w":0.2325773984193802},"size":0.8660289645195007,"orthographic":false}